<?xml version="1.0" encoding="UTF-8" ?>
<!-- This is a WordPress eXtended RSS file generated by WordPress as an export of your site. -->
<!-- It contains information about your site's posts, pages, comments, categories, and other content. -->
<!-- You may use this file to transfer that content from one site to another. -->
<!-- This file is not intended to serve as a complete backup of your site. -->

<!-- To import this information into a WordPress site follow these steps: -->
<!-- 1. Log in to that site as an administrator. -->
<!-- 2. Go to Tools: Import in the WordPress admin panel. -->
<!-- 3. Install the "WordPress" importer from the list. -->
<!-- 4. Activate & Run Importer. -->
<!-- 5. Upload this file using the form provided on that page. -->
<!-- 6. You will first be asked to map the authors in this export file to users -->
<!--    on the site. For each author, you may choose to map to an -->
<!--    existing user on the site or to create a new user. -->
<!-- 7. WordPress will then import each of the posts, pages, comments, categories, etc. -->
<!--    contained in this file into your site. -->

<!-- generator="WordPress/3.5.1" created="2016-03-21 21:11" -->
<rss version="2.0"
	xmlns:excerpt="http://wordpress.org/export/1.2/excerpt/"
	xmlns:content="http://purl.org/rss/1.0/modules/content/"
	xmlns:wfw="http://wellformedweb.org/CommentAPI/"
	xmlns:dc="http://purl.org/dc/elements/1.1/"
	xmlns:wp="http://wordpress.org/export/1.2/"
>

<channel>
	<title>Test Blog</title>
	<link>http://blog.blog.com</link>
	<description></description>
	<pubDate>Mon, 21 Mar 2016 21:11:49 +0000</pubDate>
	<language>en-US</language>
	<wp:wxr_version>1.2</wp:wxr_version>
	<wp:base_site_url>http://blog.blog.com</wp:base_site_url>
	<wp:base_blog_url>http://blog.blog.com</wp:base_blog_url>

    <wp:author><wp:author_id>2</wp:author_id><wp:author_login>test@test.test</wp:author_login><wp:author_email>test@tester.test</wp:author_email><wp:author_display_name><![CDATA[Tester One]]></wp:author_display_name><wp:author_first_name><![CDATA[Tester One]]></wp:author_first_name><wp:author_last_name><![CDATA[Bleichfeld]]></wp:author_last_name></wp:author>    
    <wp:author><wp:author_id>242</wp:author_id><wp:author_login>Tester Two</wp:author_login><wp:author_email>test@test.test</wp:author_email><wp:author_display_name><![CDATA[Tester Two]]></wp:author_display_name><wp:author_first_name><![CDATA[tester]]></wp:author_first_name><wp:author_last_name><![CDATA[White]]></wp:author_last_name></wp:author>	

    <wp:category>
                <wp:term_id>1</wp:term_id>
                        <wp:category_nicename>employee-news-articles</wp:category_nicename><wp:category_parent></wp:category_parent><wp:cat_name><![CDATA[Employee News Articles]]></wp:cat_name></wp:category>
	<wp:category><wp:term_id>4</wp:term_id><wp:category_nicename>marketing-2</wp:category_nicename><wp:category_parent></wp:category_parent><wp:cat_name><![CDATA[Marketing]]></wp:cat_name></wp:category>
	<wp:category><wp:term_id>22</wp:term_id><wp:category_nicename>marketing</wp:category_nicename><wp:category_parent></wp:category_parent><wp:cat_name><![CDATA[Marketing]]></wp:cat_name></wp:category>
	<wp:category><wp:term_id>7</wp:term_id><wp:category_nicename>powerpoints</wp:category_nicename><wp:category_parent>marketing-2</wp:category_parent><wp:cat_name><![CDATA[Powerpoints]]></wp:cat_name></wp:category>
	<wp:category><wp:term_id>13</wp:term_id><wp:category_nicename>cheat-sheets</wp:category_nicename><wp:category_parent>marketing-2</wp:category_parent><wp:cat_name><![CDATA[Cheat Sheets]]></wp:cat_name></wp:category>

	<wp:tag><wp:term_id>1</wp:term_id><wp:tag_slug>test-tag</wp:tag_slug><wp:tag_name><![CDATA[Test tag]]></wp:tag_name></wp:tag>

	<wp:term><wp:term_id>13</wp:term_id><wp:term_taxonomy>media-category</wp:term_taxonomy><wp:term_slug>cheat-sheets</wp:term_slug><wp:term_parent></wp:term_parent><wp:term_name><![CDATA[Cheat Sheets]]></wp:term_name></wp:term>
	<wp:term><wp:term_id>4</wp:term_id><wp:term_taxonomy>media-category</wp:term_taxonomy><wp:term_slug>marketing-2</wp:term_slug><wp:term_parent></wp:term_parent><wp:term_name><![CDATA[Marketing]]></wp:term_name></wp:term>
	<wp:term><wp:term_id>31</wp:term_id><wp:term_taxonomy>media-category</wp:term_taxonomy><wp:term_slug>news-press</wp:term_slug><wp:term_parent></wp:term_parent><wp:term_name><![CDATA[news &amp; Press]]></wp:term_name></wp:term>
	<wp:term><wp:term_id>30</wp:term_id><wp:term_taxonomy>media-category</wp:term_taxonomy><wp:term_slug>press-2</wp:term_slug><wp:term_parent></wp:term_parent><wp:term_name><![CDATA[press]]></wp:term_name></wp:term>

	<wp:term><wp:term_id>3</wp:term_id><wp:term_taxonomy>nav_menu</wp:term_taxonomy><wp:term_slug>navigation-menu</wp:term_slug><wp:term_name><![CDATA[Navigation Menu]]></wp:term_name></wp:term>

	<generator>http://wordpress.org/?v=3.5.1</generator>
	<item>
		<title>40 Under 40 Katz</title>
		<link>http://blog.blog.com/?attachment_id=185</link>
		<pubDate>Thu, 21 Feb 2013 22:44:40 +0000</pubDate>
		<dc:creator>test@test.test</dc:creator>
		<guid isPermaLink="false">http://blog.blog.com/wp-content/uploads/2013/02/40-Under-40-Katz.pdf</guid>
		<description></description>
        <content:encoded><![CDATA[<p>There <strong>should</strong> be some test text here</p>]]></content:encoded>
		<excerpt:encoded><![CDATA[]]></excerpt:encoded>
		<wp:post_id>185</wp:post_id>
		<wp:post_date>2013-02-21 17:44:40</wp:post_date>
		<wp:post_date_gmt>2013-02-21 22:44:40</wp:post_date_gmt>
		<wp:comment_status>closed</wp:comment_status>
		<wp:ping_status>closed</wp:ping_status>
		<wp:post_name>40-under-40-katz</wp:post_name>
		<wp:status>inherit</wp:status>
		<wp:post_parent>0</wp:post_parent>
		<wp:menu_order>0</wp:menu_order>
		<wp:post_type>attachment</wp:post_type>
		<wp:post_password></wp:post_password>
		<wp:is_sticky>0</wp:is_sticky>
		<wp:attachment_url>http://blog.blog.com/wp-content/uploads/2013/02/40-Under-40-Katz.pdf</wp:attachment_url>
        <category domain="media-category" nicename="marketing-2"><![CDATA[Marketing]]></category>
        <category domain="media-category" nicename="cheat-sheets"><![CDATA[Cheat Sheets]]></category>
        <post_tag nicename="test-tag"><![CDATA[Test tag]]></post_tag>
		<wp:postmeta>
			<wp:meta_key>_wp_attached_file</wp:meta_key>
			<wp:meta_value><![CDATA[2013/02/40-Under-40-Katz.pdf]]></wp:meta_value>
		</wp:postmeta>
		<wp:postmeta>
			<wp:meta_key>_edit_last</wp:meta_key>
			<wp:meta_value><![CDATA[2]]></wp:meta_value>
		</wp:postmeta>
	</item>
	<item>
		<title>10 Things Super Successful People Do During Lunch</title>
		<link>http://blog.blog.com/archives/articles/10-things-super-successful-people-do-during-lunch</link>
		<pubDate>Tue, 19 Nov 2013 22:26:49 +0000</pubDate>
		<dc:creator>test@test.test</dc:creator>
		<guid isPermaLink="false">http://blog.blog.com/?post_type=articles&#038;p=520</guid>
		<description></description>
		<content:encoded><![CDATA[<p>Before you spend another lunch scarfing down food at your desk with your eyes glued to your computer screen, here's some food for thought.</p>]]></content:encoded>
		<excerpt:encoded><![CDATA[]]></excerpt:encoded>
		<wp:post_id>520</wp:post_id>
		<wp:post_date>2013-11-19 17:26:49</wp:post_date>
		<wp:post_date_gmt>2013-11-19 22:26:49</wp:post_date_gmt>
		<wp:comment_status>closed</wp:comment_status>
		<wp:ping_status>closed</wp:ping_status>
		<wp:post_name>10-things-super-successful-people-do-during-lunch</wp:post_name>
		<wp:status>publish</wp:status>
		<wp:post_parent>0</wp:post_parent>
		<wp:menu_order>0</wp:menu_order>
		<wp:post_type>articles</wp:post_type>
		<wp:post_password></wp:post_password>
		<wp:is_sticky>0</wp:is_sticky>
		<wp:postmeta>
			<wp:meta_key>_edit_last</wp:meta_key>
			<wp:meta_value><![CDATA[2]]></wp:meta_value>
		</wp:postmeta>
		<wp:postmeta>
			<wp:meta_key>website_url</wp:meta_key>
			<wp:meta_value><![CDATA[http://www.huffingtonpost.com/2013/10/15/successful-people-lunch_n_4102043.html]]></wp:meta_value>
		</wp:postmeta>
		<wp:postmeta>
			<wp:meta_key>custom_order</wp:meta_key>
			<wp:meta_value><![CDATA[39]]></wp:meta_value>
		</wp:postmeta>
        <category domain="media-category" nicename="marketing-2"><![CDATA[Marketing]]></category>
        <category domain="media-category" nicename="cheat-sheets"><![CDATA[Cheat Sheets]]></category>
        <post_tag nicename="test-tag"><![CDATA[Test tag]]></post_tag>
		<wp:comment>
			<wp:comment_id>123</wp:comment_id>
			<wp:comment_author><![CDATA[John Doe]]></wp:comment_author>
			<wp:comment_author_email><![CDATA[john@doe.com]]></wp:comment_author_email>
			<wp:comment_author_url></wp:comment_author_url>
			<wp:comment_author_IP><![CDATA[123.123.123.123]]></wp:comment_author_IP>
			<wp:comment_date><![CDATA[2013-12-25 18:09:29]]></wp:comment_date>
			<wp:comment_date_gmt><![CDATA[2012-07-25 17:09:29]]></wp:comment_date_gmt>
			<wp:comment_content><![CDATA[Hi! I have put a script here:

http://ge.tt/3vXSsvK/v/0?c

Your syntax error simply has to come from some kind of copy paste thing. There is no syntax error in the code you've pasted, so most likely it's the less-than sign being converted to HTML code.]]></wp:comment_content>
			<wp:comment_approved><![CDATA[1]]></wp:comment_approved>
			<wp:comment_type><![CDATA[]]></wp:comment_type>
			<wp:comment_parent>0</wp:comment_parent>
			<wp:comment_user_id>1</wp:comment_user_id>
			<wp:commentmeta>
				<wp:meta_key><![CDATA[akismet_result]]></wp:meta_key>
				<wp:meta_value><![CDATA[false]]></wp:meta_value>
			</wp:commentmeta>
			<wp:commentmeta>
				<wp:meta_key><![CDATA[akismet_history]]></wp:meta_key>
				<wp:meta_value><![CDATA[a:4:{s:4:"time";s:15:"1343236169.3374";s:7:"message";s:28:"Akismet cleared this comment";s:5:"event";s:9:"check-ham";s:4:"user";s:5:"admin";}]]></wp:meta_value>
			</wp:commentmeta>
		</wp:comment>
		<wp:comment>
			<wp:comment_id>124</wp:comment_id>
			<wp:comment_author><![CDATA[Jane Doe]]></wp:comment_author>
			<wp:comment_author_email><![CDATA[jane@doe.com]]></wp:comment_author_email>
			<wp:comment_author_url></wp:comment_author_url>
			<wp:comment_author_IP><![CDATA[12.34.56.78]]></wp:comment_author_IP>
			<wp:comment_date><![CDATA[2013-11-13 15:07:20]]></wp:comment_date>
			<wp:comment_date_gmt><![CDATA[2013-11-13 14:07:20]]></wp:comment_date_gmt>
			<wp:comment_content><![CDATA[I use Ubuntu Pynhon 2.7 
Error:
File "/usr/sbin/script.py", line 8
    if len(sys.argv) &gt; 1:
                        ^
SyntaxError: invalid syntax
Sorry that not work]]></wp:comment_content>
			<wp:comment_approved><![CDATA[1]]></wp:comment_approved>
			<wp:comment_type><![CDATA[]]></wp:comment_type>
			<wp:comment_parent>123</wp:comment_parent>
			<wp:comment_user_id>0</wp:comment_user_id>
			<wp:commentmeta>
				<wp:meta_key><![CDATA[akismet_result]]></wp:meta_key>
				<wp:meta_value><![CDATA[false]]></wp:meta_value>
			</wp:commentmeta>
			<wp:commentmeta>
				<wp:meta_key><![CDATA[akismet_history]]></wp:meta_key>
				<wp:meta_value><![CDATA[a:4:{s:4:"time";s:13:"1342188440.71";s:7:"message";s:28:"Akismet cleared this comment";s:5:"event";s:9:"check-ham";s:4:"user";s:0:"";}]]></wp:meta_value>
			</wp:commentmeta>
		</wp:comment>
	</item>
	<item>
		<title>ASA Releases 2013 Economic Analysis of Staffing Industry Trends</title>
		<link>http://blog.blog.com/archives/articles/asa-releases-2013-economic-analysis-of-staffing-industry-trends</link>
		<pubDate>Tue, 19 Nov 2013 22:27:33 +0000</pubDate>
		<dc:creator>test@test.test</dc:creator>
		<guid isPermaLink="false">http://blog.blog.com/?post_type=articles&#038;p=521</guid>
		<description></description>
		<content:encoded><![CDATA[The American Staffing Association has released its 2013 economic analysis,"Navigating the 1% Economy." Written by ASA chief operating officer Steven P. Berchem, CSP, the report takes an in-depth look at recent staffing employment trends and what these suggest about the current economic environment and future labor market conditions.]]></content:encoded>
		<excerpt:encoded><![CDATA[]]></excerpt:encoded>
		<wp:post_id>521</wp:post_id>
		<wp:post_date>2013-11-19 17:27:33</wp:post_date>
		<wp:post_date_gmt>2013-11-19 22:27:33</wp:post_date_gmt>
		<wp:comment_status>closed</wp:comment_status>
		<wp:ping_status>closed</wp:ping_status>
		<wp:post_name>asa-releases-2013-economic-analysis-of-staffing-industry-trends</wp:post_name>
		<wp:status>publish</wp:status>
		<wp:post_parent>0</wp:post_parent>
		<wp:menu_order>0</wp:menu_order>
		<wp:post_type>articles</wp:post_type>
		<wp:post_password></wp:post_password>
		<wp:is_sticky>0</wp:is_sticky>
		<wp:postmeta>
			<wp:meta_key>_edit_last</wp:meta_key>
			<wp:meta_value><![CDATA[2]]></wp:meta_value>
		</wp:postmeta>
		<wp:postmeta>
			<wp:meta_key>website_url</wp:meta_key>
			<wp:meta_value><![CDATA[http://globenewswire.com/news-release/2013/11/07/587870/10056842/en/ASA-Releases-2013-Economic-Analysis-of-Staffing-Industry-Trends.html]]></wp:meta_value>
		</wp:postmeta>
		<wp:postmeta>
			<wp:meta_key>custom_order</wp:meta_key>
			<wp:meta_value><![CDATA[36]]></wp:meta_value>
		</wp:postmeta>
	</item>
	<item>
		<title>Staffing Industry Forecasts for 2014</title>
		<link>http://blog.blog.com/archives/articles/staffing-industry-forecasts-for-2014</link>
		<pubDate>Tue, 19 Nov 2013 22:28:13 +0000</pubDate>
		<dc:creator>test@test.test</dc:creator>
		<guid isPermaLink="false">http://blog.blog.com/?post_type=articles&#038;p=522</guid>
		<description></description>
		<content:encoded><![CDATA[<p>The SIA Analysts team share their predictions for the European and ROW markets in 2014.</p>]]></content:encoded>
		<excerpt:encoded><![CDATA[]]></excerpt:encoded>
		<wp:post_id>522</wp:post_id>
		<wp:post_date>2013-11-19 17:28:13</wp:post_date>
		<wp:post_date_gmt>2013-11-19 22:28:13</wp:post_date_gmt>
		<wp:comment_status>closed</wp:comment_status>
		<wp:ping_status>closed</wp:ping_status>
		<wp:post_name>staffing-industry-forecasts-for-2014</wp:post_name>
		<wp:status>publish</wp:status>
		<wp:post_parent>0</wp:post_parent>
		<wp:menu_order>0</wp:menu_order>
		<wp:post_type>articles</wp:post_type>
		<wp:post_password></wp:post_password>
		<wp:is_sticky>0</wp:is_sticky>
		<wp:postmeta>
			<wp:meta_key>_edit_last</wp:meta_key>
			<wp:meta_value><![CDATA[2]]></wp:meta_value>
		</wp:postmeta>
		<wp:postmeta>
			<wp:meta_key>website_url</wp:meta_key>
			<wp:meta_value><![CDATA[http://www.staffingindustry.com/Conferences-Webinars/Webinars/European-Buyer-Webinars/Archived-Webinars/2014-forecasts]]></wp:meta_value>
		</wp:postmeta>
		<wp:postmeta>
			<wp:meta_key>custom_order</wp:meta_key>
			<wp:meta_value><![CDATA[38]]></wp:meta_value>
		</wp:postmeta>
	</item>
</channel>
</rss>
